[{"packageName":"edu.temple.bitcoin","superClass":null,"className":"Address_frag","associations":[],"usages":["edu.temple.bitcoin.MenuFragment"],"interfaces":[],"type":"CLASS"},{"packageName":"edu.temple.bitcoin","superClass":null,"className":"chart_frag","associations":[],"usages":["edu.temple.bitcoin.MenuFragment"],"interfaces":[],"type":"CLASS"},{"packageName":"edu.temple.bitcoin","superClass":null,"className":"MenuFragment","associations":["edu.temple.bitcoin.block_frag","edu.temple.bitcoin.chart_frag","edu.temple.bitcoin.Address_frag","edu.temple.bitcoin.price_index_frag"],"usages":["edu.temple.bitcoin.MainActivity"],"interfaces":[],"type":"CLASS"},{"packageName":"edu.temple.bitcoin","superClass":null,"className":"block_frag","associations":[],"usages":["edu.temple.bitcoin.MenuFragment"],"interfaces":[],"type":"CLASS"},{"packageName":"edu.temple.bitcoin","superClass":null,"className":"MainActivity","associations":["edu.temple.bitcoin.fetchData","edu.temple.bitcoin.MenuFragment","edu.temple.bitcoin.price_index_frag"],"usages":[],"interfaces":[],"type":"CLASS"},{"packageName":"edu.temple.bitcoin","superClass":null,"className":"price_index_frag","associations":[],"usages":["edu.temple.bitcoin.MainActivity","edu.temple.bitcoin.MenuFragment"],"interfaces":[],"type":"CLASS"},{"packageName":"edu.temple.bitcoin","superClass":null,"className":"fetchData","associations":["edu.temple.bitcoin.fetchData"],"usages":["edu.temple.bitcoin.fetchData","edu.temple.bitcoin.MainActivity"],"interfaces":[],"type":"CLASS"}]